/*
Navicat MySQL Data Transfer

Source Server         : mydata
Source Server Version : 50610
Source Host           : localhost:3306
Source Database       : bookshop_database

Target Server Type    : MYSQL
Target Server Version : 50610
File Encoding         : 65001

Date: 2022-05-17 22:10:24
*/

SET FOREIGN_KEY_CHECKS=0;

-- ----------------------------
-- Table structure for books
-- ----------------------------
DROP TABLE IF EXISTS `books`;
CREATE TABLE `books` (
  `id` int(11) NOT NULL AUTO_INCREMENT,
  `name` varchar(255) DEFAULT NULL,
  `description` varchar(255) DEFAULT NULL,
  `storage` varchar(255) DEFAULT NULL,
  `author` varchar(255) DEFAULT NULL,
  `price` decimal(10,2) DEFAULT NULL,
  `sale` int(255) DEFAULT NULL,
  `rating` varchar(255) DEFAULT NULL,
  `hot` varchar(255) DEFAULT NULL,
  `public` varchar(255) DEFAULT NULL,
  `number` int(11) DEFAULT NULL,
  `categoryId` int(11) DEFAULT NULL,
  `pictureId` int(11) DEFAULT NULL,
  PRIMARY KEY (`id`),
  KEY `catagory` (`categoryId`),
  KEY `pictureId` (`pictureId`),
  CONSTRAINT `bookcategory` FOREIGN KEY (`categoryId`) REFERENCES `category` (`id`) ON DELETE SET NULL
) ENGINE=InnoDB AUTO_INCREMENT=157 DEFAULT CHARSET=utf8;

-- ----------------------------
-- Records of books
-- ----------------------------
INSERT INTO `books` VALUES ('1', '普通的世界', '《平凡的世界》是中国作家路遥创作的一部全景式地表现中国当代城乡社会生活的百万字长篇小说。全书共三部。1986年12月首次出版。该书以中国70年代中期到80年代中期十年间为背景，通过复杂的矛盾纠葛，以孙少安和孙少平两兄弟为中心，刻画了当时社会各阶层哈哈哈哈哈哈哈哈哈', '1250', '路由', '13.50', '15664', '1', 'true', 'true', '1', '20', '1');
INSERT INTO `books` VALUES ('2', '穆斯林葬礼', '穆斯林葬礼是一本浓缩了中国视角和穆斯林风俗的特点的书', '5000', '霍大', '36.50', '19875', '1', 'true', 'true', '1', '25', '2');
INSERT INTO `books` VALUES ('3', '挪威的森林', '《挪威的森林》是日本作家村上春树于1987年所著的一部长篇爱情小说。故事讲述主角纠缠在情绪不稳定且患有精神疾病的直子和开朗活泼的小林绿子之间，展开了自我成长的旅程。自该书在日本问世，截止2012年在日本共销出1500余万册。', '18500', '村上春树', '78.50', '213', '1', 'true', 'true', '1', '27', '3');
INSERT INTO `books` VALUES ('4', '基督山伯爵', '《基督山伯爵》是法国作家大仲马创作的长篇小说，首次发表于1844—1846年。故事讲述19世纪法国皇帝拿破仑“百日王朝”时期，法老号大副爱德蒙·唐泰斯受船长委托，为拿破仑党人送了一封信，遭到两个卑鄙小人和法官的陷害，被打入黑牢。期间狱友法利亚神甫向他...', '5000', '大仲马', '45.30', '16746', '1', 'true', 'false', '1', '11', '4');
INSERT INTO `books` VALUES ('5', '教父', '《教父》是美国作家马里奥·普佐创作的长篇小说，1969年首次出版。该小说主要描写了1945年至1955年之间，意大利移民科利奥尼家族在困境中的挣扎和生存之道，科利奥尼家族是五大黑帮势力集团之一，为了能够生存不惜进行各种残忍的攻略，用枪、用斧头、用刑具，...', '250', '马里奥・普佐', '35.40', '16567', '1', 'true', 'false', '1', '35', '5');
INSERT INTO `books` VALUES ('6', '苏菲的世界', '《苏菲的世界》是挪威作家乔斯坦·贾德创作的一本关于西方哲学史的长篇小说，它以小说的形式，通过一名哲学导师向一个叫苏菲的女孩传授哲学知识的经过，揭示了西方哲学史发展的历程。《苏菲的世界》被誉为20世纪百部经典著作之一。《苏菲的世界》1991年首次以...', '5000', '乔斯坦贾德', '22.60', '1654', '1', 'true', 'true', '1', '21', '6');
INSERT INTO `books` VALUES ('7', '麦田里的守望者', '《麦田里的守望者》是美国作家杰罗姆·大卫·塞林格创作的唯一一部长篇小说，首次出版于1951年。塞林格将故事的起止局限于16岁的中学生霍尔顿·考尔菲德从离开学校到纽约游荡的三天时间内，并借鉴了意识流天马行空的写作方法，充分探索了一个十几岁少年的内心...', '5000', '杰罗姆·大卫·塞林格', '19.10', '7497', '1', 'true', 'true', '1', '23', '7');
INSERT INTO `books` VALUES ('8', '白鹿元', '《白鹿原》是作家陈忠实创作的长篇小说，由陈忠实历时六年创作完成，首次出版于1993年。该小说以陕西关中地区白鹿原上白鹿村为缩影，通过讲述白姓和鹿姓两大家族祖孙三代的恩怨纷争，表现了从清朝末年到二十世纪七八十年代长达半个多世纪的历史变化。1998年，...家啊啊静安里看见的垃圾收到了', '1250', '陈中实', '156.00', '5646', '1', 'true', 'true', '1', '20', '8');
INSERT INTO `books` VALUES ('9', '破碎的四月', '《破碎的四月》是阿尔巴尼亚当代最著名的作家和诗人伊斯梅尔·卡达莱的代表作之一。最早出版于1978年。小说讲述了阿尔巴尼亚高原地区的残酷复仇故事，极力讽刺和批判了荒谬的卡努法典。2001年曾被巴西导演沃尔特·塞勒斯改编成电影《太阳背后》。', '5000', '阿尔巴尼亚', '53.40', '65463', '1', 'true', 'true', '1', '17', '9');
INSERT INTO `books` VALUES ('10', '万历十五年', '《万历十五年》是黄仁宇创作的历史学著作，首次刊行于1981年。《万历十五年》从“大历史观”的研究视角出发，选取了明朝万历十五年（1587年）作为考察切入点，运用历史小说的叙事模式和传记体式的章节，通过对关键历史人物悲惨命运的描述，探析了晚明帝国走向...', '1200', '黄仁宇', '45.30', '5647', '1', 'true', 'true', '1', '18', '10');
INSERT INTO `books` VALUES ('11', '人体简史', '《人体简史》是2020年文汇出版社出版图书，作者是比尔·布莱森。2021年4月23日，该书获第十六届文津图书奖。', '5000', '布莱森', '33.50', '16746', '1', 'true', 'true', '1', '9', '11');
INSERT INTO `books` VALUES ('12', '侯大利刑侦笔记', '今年最畅销的国产悬疑小说非《侯大利刑侦笔记》莫属，纸质书畅销20万册，电子书数十万读者追读，喜马拉雅有声书播放破千万，影视版权被多家公司疯抢 ！一部集侦查学、痕迹学、社会学、尸体解剖学、犯罪心理学之大成的教科书式破案小说。不同方式死亡的尸体各有什么特征？如何通过足迹判断年龄？每页都是知识点！有时真相让人毛骨悚然，有时真相让人热泪盈眶', '5000', '小桥老树', '213.00', '16567', '1', 'true', 'true', '1', '12', '12');
INSERT INTO `books` VALUES ('13', '镖人', '轰动日本的中国漫画！3次登上日本央视NHK电视台新闻报道节目。日本媒体盛赞为“世界级水平的中国动漫精品” ！万茜、张绍刚、李诞、马伯庸都在推荐的热血国漫！讲究的台词，鲜明的人物，巧妙的分镜，江湖和庙堂双线并进，镖客、魁首、皇帝、大臣将如何被时代裹挟，走向各自的命运…', '5000', '许先哲', '56.40', '1654', '1', 'true', 'true', '1', '19', '13');
INSERT INTO `books` VALUES ('14', '倾城之恋', '《倾城之恋》是一个动听而又近人情的故事。《倾城之恋》里，从腐旧的家庭里走出来的白流苏，香港之战的洗礼并不曾将她感化成为革命女性；香港之战影响范柳原，使他转向平实的生活，终于结婚了，但结婚并不使他变为圣人，完全放弃往日的生活习惯与作风。', '5000', '张爱玲', '33.50', '7497', '1', 'true', 'true', '1', '16', '14');
INSERT INTO `books` VALUES ('15', '第二性', '《第二性》是法国思想家西蒙娜·波伏娃创作的社会学著作。作者以涵盖哲学、历史、文学、生物学、古代神话和风俗的文化内容为背景，纵论了从原始社会到现代社会的历史演变中，妇女的处境、地位和权利的实际情况，探讨了女性个体发展史所显示的性别差异。此书被...', '5000', '西蒙娜·波伏娃', '45.00', '16746', '1', 'true', 'true', '1', '32', '15');
INSERT INTO `books` VALUES ('16', '简·爱', '简爱一般指简·爱。 《简·爱》（Jane Eyre）是英国女作家夏洛蒂·勃朗特创作的长篇小说，是一部具有自传色彩的作品。该小说讲述孤女简·爱自幼父母双亡，寄养于舅母家，备受虐待，后被舅母打发到洛伍德义塾去。洛伍德义塾环境恶劣，但她顽强地活了...', '5000', '夏洛蒂·勃朗特', '55.20', '16567', '1', 'true', 'true', '1', '33', '16');
INSERT INTO `books` VALUES ('17', '假如给我三天光明', '《假如给我三天光明》是美国当代作家海伦·凯勒的散文代表作。该文的前半部分主要写了海伦变成盲聋人后的生活，后半部分则介绍了海伦的求学生涯。同时也介绍她体会不同的丰富多彩的生活以及她的慈善活动等等。她以一个身残志坚的柔弱女子的视角，告诫身体健全...', '5000', '海伦凯勒', '63.40', '1654', '1', 'true', 'true', '1', '10', '17');
INSERT INTO `books` VALUES ('18', '安妮日记', '《安妮日记》是德籍犹太人安妮·弗兰克写的日记，是其藏身密室时的生活和情感的记载。作为一名成长中的少女，她在日记中吐露了与母亲不断发生冲突的困惑以及对性的好奇。同时，对于藏匿且充满恐怖的25个月的密室生活的记录，也使这本《安妮日记》成为德军占领...', '5000', '安妮·弗兰克', '78.30', '7497', '1', 'true', 'true', '1', '18', '18');
INSERT INTO `books` VALUES ('19', '我们仨', '《我们仨》是当代作家杨绛创作的散文集，首次出版于2003年7月。该书讲述了一个单纯温馨的家庭几十年平淡无奇、相守相助、相聚相失的经历。作者杨绛以简洁而沉重的语言，回忆了先后离她而去的女儿钱瑗、丈夫钱锺书，以及一家三口那些快乐而艰难、爱与痛的日子。', '5000', '杨绛', '59.80', '5646', '1', 'true', 'true', '1', '28', '19');
INSERT INTO `books` VALUES ('20', '厨房', '该书以厨房是一个女人的出发点和停泊地讲述了一个厨房的故事。一切的一切都已经寂灭，惟有心灵不可言说。厨房是一个女人的出发点和停泊地。作品目录 作者简介 徐坤，女，1965年3月出生于沈阳，现居北京。中国社会科学院文学研究所副...', '5000', '徐坤', '45.30', '65463', '1', 'true', 'true', '1', '34', '20');
INSERT INTO `books` VALUES ('21', '草叶集', '《草叶集》是美国诗人沃尔特·惠特曼创作的诗集，首次出版于1855年。《草叶集》是浪漫主义诗集，共收有诗歌300余首。诗歌奔腾壮阔，大气飞扬，汪洋恣肆，豪放不羁；使用朴实粗犷的语言，创造出独具一格的自由体，近于口语，节奏鲜明。《草叶集》是美国诗人惠...', '5000', '惠特曼', '35.80', '5647', '1', 'true', 'true', '1', '11', '21');
INSERT INTO `books` VALUES ('22', '舒婷诗集', '舒婷是朦胧诗艺术成就的杰出代表。本书共四辑，收录了她124首诗，包括《致橡树》、《神女峰》、《祖国，我亲爱的祖国》等脍炙人口的名篇。她的诗擅长综合运用通感、比喻、象征、联想等艺术手法来表达内心感受，既有女性诗歌所特有的细腻、浪漫、柔美，又兼具...', '5000', '舒婷', '12.50', '16746', '1', 'true', 'true', '1', '17', '22');
INSERT INTO `books` VALUES ('23', '平凡的世界(平装)', '《平凡的世界》是中国作家路遥创作的一部全景式地表现中国当代城乡社会生活的百万字长篇小说。全书共三部。1986年12月首次出版。该书以中国70年代中期到80年代中期十年间为背景，通过复杂的矛盾纠葛，以孙少安和孙少平两兄弟为中心，刻画了当时社会各阶层众多...', '5000', '路遥', '132.50', '15664', '2', 'true', 'true', '1', '24', '1');
INSERT INTO `books` VALUES ('24', '穆斯林葬礼(平装)', '穆斯林葬礼是一本浓缩了中国视角和穆斯林风俗的特点的书', '5000', '霍达', '36.50', '19875', '2', 'true', 'true', '1', '25', '2');
INSERT INTO `books` VALUES ('25', '挪威的森林(平装)', '《挪威的森林》是日本作家村上春树于1987年所著的一部长篇爱情小说。故事讲述主角纠缠在情绪不稳定且患有精神疾病的直子和开朗活泼的小林绿子之间，展开了自我成长的旅程。自该书在日本问世，截止2012年在日本共销出1500余万册。', '18500', '村上春树', '78.50', '213', '2', 'true', 'true', '1', '27', '3');
INSERT INTO `books` VALUES ('26', '基督山伯爵(平装)', '《基督山伯爵》是法国作家大仲马创作的长篇小说，首次发表于1844—1846年。故事讲述19世纪法国皇帝拿破仑“百日王朝”时期，法老号大副爱德蒙·唐泰斯受船长委托，为拿破仑党人送了一封信，遭到两个卑鄙小人和法官的陷害，被打入黑牢。期间狱友法利亚神甫向他...', '5000', '大仲马', '45.30', '16746', '2', 'true', 'false', '1', '11', '4');
INSERT INTO `books` VALUES ('27', '教父(平装)', '《教父》是美国作家马里奥·普佐创作的长篇小说，1969年首次出版。该小说主要描写了1945年至1955年之间，意大利移民科利奥尼家族在困境中的挣扎和生存之道，科利奥尼家族是五大黑帮势力集团之一，为了能够生存不惜进行各种残忍的攻略，用枪、用斧头、用刑具，...', '250', '马里奥・普佐', '35.40', '16567', '2', 'true', 'false', '1', '35', '5');
INSERT INTO `books` VALUES ('28', '苏菲的世界(平装)', '《苏菲的世界》是挪威作家乔斯坦·贾德创作的一本关于西方哲学史的长篇小说，它以小说的形式，通过一名哲学导师向一个叫苏菲的女孩传授哲学知识的经过，揭示了西方哲学史发展的历程。《苏菲的世界》被誉为20世纪百部经典著作之一。《苏菲的世界》1991年首次以...', '5000', '乔斯坦贾德', '22.60', '1654', '2', 'true', 'true', '1', '21', '6');
INSERT INTO `books` VALUES ('29', '麦田里的守望者(平装)', '《麦田里的守望者》是美国作家杰罗姆·大卫·塞林格创作的唯一一部长篇小说，首次出版于1951年。塞林格将故事的起止局限于16岁的中学生霍尔顿·考尔菲德从离开学校到纽约游荡的三天时间内，并借鉴了意识流天马行空的写作方法，充分探索了一个十几岁少年的内心...', '5000', '杰罗姆·大卫·塞林格', '19.10', '7497', '2', 'true', 'true', '1', '23', '7');
INSERT INTO `books` VALUES ('30', '白鹿原(平装)', '《白鹿原》是作家陈忠实创作的长篇小说，由陈忠实历时六年创作完成，首次出版于1993年。该小说以陕西关中地区白鹿原上白鹿村为缩影，通过讲述白姓和鹿姓两大家族祖孙三代的恩怨纷争，表现了从清朝末年到二十世纪七八十年代长达半个多世纪的历史变化。1998年，...', '5000', '陈忠实', '89.40', '5646', '2', 'true', 'true', '1', '30', '8');
INSERT INTO `books` VALUES ('31', '破碎的四月(平装)', '《破碎的四月》是阿尔巴尼亚当代最著名的作家和诗人伊斯梅尔·卡达莱的代表作之一。最早出版于1978年。小说讲述了阿尔巴尼亚高原地区的残酷复仇故事，极力讽刺和批判了荒谬的卡努法典。2001年曾被巴西导演沃尔特·塞勒斯改编成电影《太阳背后》。', '5000', '阿尔巴尼亚', '53.40', '65463', '2', 'true', 'true', '1', '17', '9');
INSERT INTO `books` VALUES ('32', '万历十五年(平装)', '《万历十五年》是黄仁宇创作的历史学著作，首次刊行于1981年。《万历十五年》从“大历史观”的研究视角出发，选取了明朝万历十五年（1587年）作为考察切入点，运用历史小说的叙事模式和传记体式的章节，通过对关键历史人物悲惨命运的描述，探析了晚明帝国走向...', '1200', '黄仁宇', '45.30', '5647', '2', 'true', 'true', '1', '18', '10');
INSERT INTO `books` VALUES ('33', '人体简史(平装)', '《人体简史》是2020年文汇出版社出版图书，作者是比尔·布莱森。2021年4月23日，该书获第十六届文津图书奖。', '5000', '布莱森', '33.50', '16746', '2', 'true', 'true', '1', '9', '11');
INSERT INTO `books` VALUES ('34', '侯大利刑侦笔记(平装)', '今年最畅销的国产悬疑小说非《侯大利刑侦笔记》莫属，纸质书畅销20万册，电子书数十万读者追读，喜马拉雅有声书播放破千万，影视版权被多家公司疯抢 ！一部集侦查学、痕迹学、社会学、尸体解剖学、犯罪心理学之大成的教科书式破案小说。不同方式死亡的尸体各有什么特征？如何通过足迹判断年龄？每页都是知识点！有时真相让人毛骨悚然，有时真相让人热泪盈眶', '5000', '小桥老树', '213.00', '16567', '2', 'true', 'true', '1', '12', '12');
INSERT INTO `books` VALUES ('35', '镖人(平装)', '轰动日本的中国漫画！3次登上日本央视NHK电视台新闻报道节目。日本媒体盛赞为“世界级水平的中国动漫精品” ！万茜、张绍刚、李诞、马伯庸都在推荐的热血国漫！讲究的台词，鲜明的人物，巧妙的分镜，江湖和庙堂双线并进，镖客、魁首、皇帝、大臣将如何被时代裹挟，走向各自的命运…', '5000', '许先哲', '56.40', '1654', '2', 'true', 'true', '1', '19', '13');
INSERT INTO `books` VALUES ('36', '倾城之恋(平装)', '《倾城之恋》是一个动听而又近人情的故事。《倾城之恋》里，从腐旧的家庭里走出来的白流苏，香港之战的洗礼并不曾将她感化成为革命女性；香港之战影响范柳原，使他转向平实的生活，终于结婚了，但结婚并不使他变为圣人，完全放弃往日的生活习惯与作风。', '5000', '张爱玲', '33.50', '7497', '2', 'true', 'true', '1', '16', '14');
INSERT INTO `books` VALUES ('37', '第二性(平装)', '《第二性》是法国思想家西蒙娜·波伏娃创作的社会学著作。作者以涵盖哲学、历史、文学、生物学、古代神话和风俗的文化内容为背景，纵论了从原始社会到现代社会的历史演变中，妇女的处境、地位和权利的实际情况，探讨了女性个体发展史所显示的性别差异。此书被...', '5000', '西蒙娜·波伏娃', '45.00', '16746', '2', 'true', 'true', '1', '32', '15');
INSERT INTO `books` VALUES ('38', '简·爱(平装)', '简爱一般指简·爱。 《简·爱》（Jane Eyre）是英国女作家夏洛蒂·勃朗特创作的长篇小说，是一部具有自传色彩的作品。该小说讲述孤女简·爱自幼父母双亡，寄养于舅母家，备受虐待，后被舅母打发到洛伍德义塾去。洛伍德义塾环境恶劣，但她顽强地活了...', '5000', '夏洛蒂·勃朗特', '55.20', '16567', '2', 'true', 'true', '1', '33', '16');
INSERT INTO `books` VALUES ('39', '假如给我三天光明(平装)', '《假如给我三天光明》是美国当代作家海伦·凯勒的散文代表作。该文的前半部分主要写了海伦变成盲聋人后的生活，后半部分则介绍了海伦的求学生涯。同时也介绍她体会不同的丰富多彩的生活以及她的慈善活动等等。她以一个身残志坚的柔弱女子的视角，告诫身体健全...', '5000', '海伦凯勒', '63.40', '1654', '2', 'true', 'true', '1', '10', '17');
INSERT INTO `books` VALUES ('40', '安妮日记(平装)', '《安妮日记》是德籍犹太人安妮·弗兰克写的日记，是其藏身密室时的生活和情感的记载。作为一名成长中的少女，她在日记中吐露了与母亲不断发生冲突的困惑以及对性的好奇。同时，对于藏匿且充满恐怖的25个月的密室生活的记录，也使这本《安妮日记》成为德军占领...', '5000', '安妮·弗兰克', '78.30', '7497', '2', 'true', 'true', '1', '18', '18');
INSERT INTO `books` VALUES ('41', '我们仨(平装)', '《我们仨》是当代作家杨绛创作的散文集，首次出版于2003年7月。该书讲述了一个单纯温馨的家庭几十年平淡无奇、相守相助、相聚相失的经历。作者杨绛以简洁而沉重的语言，回忆了先后离她而去的女儿钱瑗、丈夫钱锺书，以及一家三口那些快乐而艰难、爱与痛的日子。', '5000', '杨绛', '59.80', '5646', '2', 'true', 'true', '1', '28', '19');
INSERT INTO `books` VALUES ('42', '厨房(平装)', '该书以厨房是一个女人的出发点和停泊地讲述了一个厨房的故事。一切的一切都已经寂灭，惟有心灵不可言说。厨房是一个女人的出发点和停泊地。作品目录 作者简介 徐坤，女，1965年3月出生于沈阳，现居北京。中国社会科学院文学研究所副...', '5000', '徐坤', '45.30', '65463', '2', 'true', 'true', '1', '34', '20');
INSERT INTO `books` VALUES ('43', '草叶集(平装)', '《草叶集》是美国诗人沃尔特·惠特曼创作的诗集，首次出版于1855年。《草叶集》是浪漫主义诗集，共收有诗歌300余首。诗歌奔腾壮阔，大气飞扬，汪洋恣肆，豪放不羁；使用朴实粗犷的语言，创造出独具一格的自由体，近于口语，节奏鲜明。《草叶集》是美国诗人惠...', '5000', '惠特曼', '35.80', '5647', '2', 'true', 'true', '1', '11', '21');
INSERT INTO `books` VALUES ('44', '舒婷诗集(平装)', '舒婷是朦胧诗艺术成就的杰出代表。本书共四辑，收录了她124首诗，包括《致橡树》、《神女峰》、《祖国，我亲爱的祖国》等脍炙人口的名篇。她的诗擅长综合运用通感、比喻、象征、联想等艺术手法来表达内心感受，既有女性诗歌所特有的细腻、浪漫、柔美，又兼具...', '5000', '舒婷', '12.50', '16746', '3', 'true', 'true', '1', '17', '22');
INSERT INTO `books` VALUES ('45', '平凡的世界(最新版)', '《平凡的世界》是中国作家路遥创作的一部全景式地表现中国当代城乡社会生活的百万字长篇小说。全书共三部。1986年12月首次出版。该书以中国70年代中期到80年代中期十年间为背景，通过复杂的矛盾纠葛，以孙少安和孙少平两兄弟为中心，刻画了当时社会各阶层众多...', '5000', '路遥', '135.50', '15664', '3', 'true', 'true', '1', '24', '1');
INSERT INTO `books` VALUES ('46', '穆斯林葬礼(最新版)', '穆斯林葬礼是一本浓缩了中国视角和穆斯林风俗的特点的书', '5000', '霍达', '132.50', '19875', '3', 'true', 'true', '1', '25', '2');
INSERT INTO `books` VALUES ('47', '挪威的森林(最新版)', '《挪威的森林》是日本作家村上春树于1987年所著的一部长篇爱情小说。故事讲述主角纠缠在情绪不稳定且患有精神疾病的直子和开朗活泼的小林绿子之间，展开了自我成长的旅程。自该书在日本问世，截止2012年在日本共销出1500余万册。', '18500', '村上春树', '36.50', '213', '3', 'true', 'true', '1', '27', '3');
INSERT INTO `books` VALUES ('48', '基督山伯爵(最新版)', '《基督山伯爵》是法国作家大仲马创作的长篇小说，首次发表于1844—1846年。故事讲述19世纪法国皇帝拿破仑“百日王朝”时期，法老号大副爱德蒙·唐泰斯受船长委托，为拿破仑党人送了一封信，遭到两个卑鄙小人和法官的陷害，被打入黑牢。期间狱友法利亚神甫向他...', '5000', '大仲马', '78.50', '16746', '3', 'true', 'false', '1', '11', '4');
INSERT INTO `books` VALUES ('49', '教父(最新版)', '《教父》是美国作家马里奥·普佐创作的长篇小说，1969年首次出版。该小说主要描写了1945年至1955年之间，意大利移民科利奥尼家族在困境中的挣扎和生存之道，科利奥尼家族是五大黑帮势力集团之一，为了能够生存不惜进行各种残忍的攻略，用枪、用斧头、用刑具，...', '250', '马里奥・普佐', '45.30', '16567', '3', 'true', 'false', '1', '35', '5');
INSERT INTO `books` VALUES ('50', '苏菲的世界(最新版)', '《苏菲的世界》是挪威作家乔斯坦·贾德创作的一本关于西方哲学史的长篇小说，它以小说的形式，通过一名哲学导师向一个叫苏菲的女孩传授哲学知识的经过，揭示了西方哲学史发展的历程。《苏菲的世界》被誉为20世纪百部经典著作之一。《苏菲的世界》1991年首次以...', '5000', '乔斯坦贾德', '35.40', '1654', '3', 'true', 'true', '1', '21', '6');
INSERT INTO `books` VALUES ('51', '麦田里的守望者(最新版)', '《麦田里的守望者》是美国作家杰罗姆·大卫·塞林格创作的唯一一部长篇小说，首次出版于1951年。塞林格将故事的起止局限于16岁的中学生霍尔顿·考尔菲德从离开学校到纽约游荡的三天时间内，并借鉴了意识流天马行空的写作方法，充分探索了一个十几岁少年的内心...', '5000', '杰罗姆·大卫·塞林格', '22.60', '7497', '3', 'true', 'true', '1', '23', '7');
INSERT INTO `books` VALUES ('52', '白鹿原(最新版)', '《白鹿原》是作家陈忠实创作的长篇小说，由陈忠实历时六年创作完成，首次出版于1993年。该小说以陕西关中地区白鹿原上白鹿村为缩影，通过讲述白姓和鹿姓两大家族祖孙三代的恩怨纷争，表现了从清朝末年到二十世纪七八十年代长达半个多世纪的历史变化。1998年，...', '5000', '陈忠实', '19.10', '5646', '3', 'true', 'true', '1', '30', '8');
INSERT INTO `books` VALUES ('53', '破碎的四月(最新版)', '《破碎的四月》是阿尔巴尼亚当代最著名的作家和诗人伊斯梅尔·卡达莱的代表作之一。最早出版于1978年。小说讲述了阿尔巴尼亚高原地区的残酷复仇故事，极力讽刺和批判了荒谬的卡努法典。2001年曾被巴西导演沃尔特·塞勒斯改编成电影《太阳背后》。', '5000', '阿尔巴尼亚', '89.40', '65463', '3', 'true', 'true', '1', '17', '9');
INSERT INTO `books` VALUES ('54', '万历十五年(最新版)', '《万历十五年》是黄仁宇创作的历史学著作，首次刊行于1981年。《万历十五年》从“大历史观”的研究视角出发，选取了明朝万历十五年（1587年）作为考察切入点，运用历史小说的叙事模式和传记体式的章节，通过对关键历史人物悲惨命运的描述，探析了晚明帝国走向...', '1200', '黄仁宇', '53.40', '5647', '3', 'true', 'true', '1', '18', '10');
INSERT INTO `books` VALUES ('55', '人体简史(最新版)', '《人体简史》是2020年文汇出版社出版图书，作者是比尔·布莱森。2021年4月23日，该书获第十六届文津图书奖。', '5000', '布莱森', '45.30', '16746', '3', 'true', 'true', '1', '9', '11');
INSERT INTO `books` VALUES ('56', '侯大利刑侦笔记(最新版)', '今年最畅销的国产悬疑小说非《侯大利刑侦笔记》莫属，纸质书畅销20万册，电子书数十万读者追读，喜马拉雅有声书播放破千万，影视版权被多家公司疯抢 ！一部集侦查学、痕迹学、社会学、尸体解剖学、犯罪心理学之大成的教科书式破案小说。不同方式死亡的尸体各有什么特征？如何通过足迹判断年龄？每页都是知识点！有时真相让人毛骨悚然，有时真相让人热泪盈眶', '5000', '小桥老树', '33.50', '16567', '3', 'true', 'true', '1', '12', '12');
INSERT INTO `books` VALUES ('57', '镖人(最新版)', '轰动日本的中国漫画！3次登上日本央视NHK电视台新闻报道节目。日本媒体盛赞为“世界级水平的中国动漫精品” ！万茜、张绍刚、李诞、马伯庸都在推荐的热血国漫！讲究的台词，鲜明的人物，巧妙的分镜，江湖和庙堂双线并进，镖客、魁首、皇帝、大臣将如何被时代裹挟，走向各自的命运…', '5000', '许先哲', '213.00', '1654', '3', 'true', 'true', '1', '19', '13');
INSERT INTO `books` VALUES ('58', '倾城之恋(最新版)', '《倾城之恋》是一个动听而又近人情的故事。《倾城之恋》里，从腐旧的家庭里走出来的白流苏，香港之战的洗礼并不曾将她感化成为革命女性；香港之战影响范柳原，使他转向平实的生活，终于结婚了，但结婚并不使他变为圣人，完全放弃往日的生活习惯与作风。', '5000', '张爱玲', '56.40', '7497', '3', 'true', 'true', '1', '16', '14');
INSERT INTO `books` VALUES ('59', '第二性(最新版)', '《第二性》是法国思想家西蒙娜·波伏娃创作的社会学著作。作者以涵盖哲学、历史、文学、生物学、古代神话和风俗的文化内容为背景，纵论了从原始社会到现代社会的历史演变中，妇女的处境、地位和权利的实际情况，探讨了女性个体发展史所显示的性别差异。此书被...', '5000', '西蒙娜·波伏娃', '33.50', '16746', '3', 'true', 'true', '1', '32', '15');
INSERT INTO `books` VALUES ('60', '简·爱(最新版)', '简爱一般指简·爱。 《简·爱》（Jane Eyre）是英国女作家夏洛蒂·勃朗特创作的长篇小说，是一部具有自传色彩的作品。该小说讲述孤女简·爱自幼父母双亡，寄养于舅母家，备受虐待，后被舅母打发到洛伍德义塾去。洛伍德义塾环境恶劣，但她顽强地活了...', '5000', '夏洛蒂·勃朗特', '45.00', '16567', '3', 'true', 'true', '1', '33', '16');
INSERT INTO `books` VALUES ('61', '假如给我三天光明(最新版)', '《假如给我三天光明》是美国当代作家海伦·凯勒的散文代表作。该文的前半部分主要写了海伦变成盲聋人后的生活，后半部分则介绍了海伦的求学生涯。同时也介绍她体会不同的丰富多彩的生活以及她的慈善活动等等。她以一个身残志坚的柔弱女子的视角，告诫身体健全...', '5000', '海伦凯勒', '55.20', '1654', '3', 'true', 'true', '1', '10', '17');
INSERT INTO `books` VALUES ('62', '安妮日记(最新版)', '《安妮日记》是德籍犹太人安妮·弗兰克写的日记，是其藏身密室时的生活和情感的记载。作为一名成长中的少女，她在日记中吐露了与母亲不断发生冲突的困惑以及对性的好奇。同时，对于藏匿且充满恐怖的25个月的密室生活的记录，也使这本《安妮日记》成为德军占领...', '5000', '安妮·弗兰克', '63.40', '7497', '3', 'true', 'true', '1', '18', '18');
INSERT INTO `books` VALUES ('63', '我们仨(最新版)', '《我们仨》是当代作家杨绛创作的散文集，首次出版于2003年7月。该书讲述了一个单纯温馨的家庭几十年平淡无奇、相守相助、相聚相失的经历。作者杨绛以简洁而沉重的语言，回忆了先后离她而去的女儿钱瑗、丈夫钱锺书，以及一家三口那些快乐而艰难、爱与痛的日子。', '5000', '杨绛', '78.30', '5646', '3', 'true', 'true', '1', '28', '19');
INSERT INTO `books` VALUES ('64', '厨房(最新版)', '该书以厨房是一个女人的出发点和停泊地讲述了一个厨房的故事。一切的一切都已经寂灭，惟有心灵不可言说。厨房是一个女人的出发点和停泊地。作品目录 作者简介 徐坤，女，1965年3月出生于沈阳，现居北京。中国社会科学院文学研究所副...', '5000', '徐坤', '59.80', '65463', '3', 'true', 'true', '1', '34', '20');
INSERT INTO `books` VALUES ('65', '草叶集(最新版)', '《草叶集》是美国诗人沃尔特·惠特曼创作的诗集，首次出版于1855年。《草叶集》是浪漫主义诗集，共收有诗歌300余首。诗歌奔腾壮阔，大气飞扬，汪洋恣肆，豪放不羁；使用朴实粗犷的语言，创造出独具一格的自由体，近于口语，节奏鲜明。《草叶集》是美国诗人惠...', '5000', '惠特曼', '45.30', '5647', '3', 'true', 'true', '1', '11', '21');
INSERT INTO `books` VALUES ('66', '舒婷诗集(最新版)', '舒婷是朦胧诗艺术成就的杰出代表。本书共四辑，收录了她124首诗，包括《致橡树》、《神女峰》、《祖国，我亲爱的祖国》等脍炙人口的名篇。她的诗擅长综合运用通感、比喻、象征、联想等艺术手法来表达内心感受，既有女性诗歌所特有的细腻、浪漫、柔美，又兼具...', '5000', '舒婷', '35.80', '16746', '3', 'true', 'true', '1', '17', '22');
INSERT INTO `books` VALUES ('67', '平凡的世界(金装版)', '《平凡的世界》是中国作家路遥创作的一部全景式地表现中国当代城乡社会生活的百万字长篇小说。全书共三部。1986年12月首次出版。该书以中国70年代中期到80年代中期十年间为背景，通过复杂的矛盾纠葛，以孙少安和孙少平两兄弟为中心，刻画了当时社会各阶层众多...', '5000', '路遥', '12.50', '15664', '4', 'true', 'true', '1', '24', '1');
INSERT INTO `books` VALUES ('68', '穆斯林葬礼(金装版)', '穆斯林葬礼是一本浓缩了中国视角和穆斯林风俗的特点的书', '5000', '霍达', '132.50', '19875', '4', 'true', 'true', '1', '25', '2');
INSERT INTO `books` VALUES ('69', '挪威的森林(金装版)', '《挪威的森林》是日本作家村上春树于1987年所著的一部长篇爱情小说。故事讲述主角纠缠在情绪不稳定且患有精神疾病的直子和开朗活泼的小林绿子之间，展开了自我成长的旅程。自该书在日本问世，截止2012年在日本共销出1500余万册。', '18500', '村上春树', '36.50', '213', '4', 'true', 'true', '1', '27', '3');
INSERT INTO `books` VALUES ('70', '基督山伯爵(金装版)', '《基督山伯爵》是法国作家大仲马创作的长篇小说，首次发表于1844—1846年。故事讲述19世纪法国皇帝拿破仑“百日王朝”时期，法老号大副爱德蒙·唐泰斯受船长委托，为拿破仑党人送了一封信，遭到两个卑鄙小人和法官的陷害，被打入黑牢。期间狱友法利亚神甫向他...', '5000', '大仲马', '78.50', '16746', '4', 'true', 'false', '1', '11', '4');
INSERT INTO `books` VALUES ('71', '教父(金装版)', '《教父》是美国作家马里奥·普佐创作的长篇小说，1969年首次出版。该小说主要描写了1945年至1955年之间，意大利移民科利奥尼家族在困境中的挣扎和生存之道，科利奥尼家族是五大黑帮势力集团之一，为了能够生存不惜进行各种残忍的攻略，用枪、用斧头、用刑具，...', '250', '马里奥・普佐', '45.30', '16567', '4', 'true', 'false', '1', '35', '5');
INSERT INTO `books` VALUES ('72', '苏菲的世界(金装版)', '《苏菲的世界》是挪威作家乔斯坦·贾德创作的一本关于西方哲学史的长篇小说，它以小说的形式，通过一名哲学导师向一个叫苏菲的女孩传授哲学知识的经过，揭示了西方哲学史发展的历程。《苏菲的世界》被誉为20世纪百部经典著作之一。《苏菲的世界》1991年首次以...', '5000', '乔斯坦贾德', '35.40', '1654', '4', 'true', 'true', '1', '21', '6');
INSERT INTO `books` VALUES ('73', '麦田里的守望者(金装版)', '《麦田里的守望者》是美国作家杰罗姆·大卫·塞林格创作的唯一一部长篇小说，首次出版于1951年。塞林格将故事的起止局限于16岁的中学生霍尔顿·考尔菲德从离开学校到纽约游荡的三天时间内，并借鉴了意识流天马行空的写作方法，充分探索了一个十几岁少年的内心...', '5000', '杰罗姆·大卫·塞林格', '22.60', '7497', '4', 'true', 'true', '1', '23', '7');
INSERT INTO `books` VALUES ('74', '白鹿原(金装版)', '《白鹿原》是作家陈忠实创作的长篇小说，由陈忠实历时六年创作完成，首次出版于1993年。该小说以陕西关中地区白鹿原上白鹿村为缩影，通过讲述白姓和鹿姓两大家族祖孙三代的恩怨纷争，表现了从清朝末年到二十世纪七八十年代长达半个多世纪的历史变化。1998年，...', '5000', '陈忠实', '19.10', '5646', '4', 'true', 'true', '1', '30', '8');
INSERT INTO `books` VALUES ('75', '破碎的四月(金装版)', '《破碎的四月》是阿尔巴尼亚当代最著名的作家和诗人伊斯梅尔·卡达莱的代表作之一。最早出版于1978年。小说讲述了阿尔巴尼亚高原地区的残酷复仇故事，极力讽刺和批判了荒谬的卡努法典。2001年曾被巴西导演沃尔特·塞勒斯改编成电影《太阳背后》。', '5000', '阿尔巴尼亚', '89.40', '65463', '4', 'true', 'true', '1', '17', '9');
INSERT INTO `books` VALUES ('76', '万历十五年(金装版)', '《万历十五年》是黄仁宇创作的历史学著作，首次刊行于1981年。《万历十五年》从“大历史观”的研究视角出发，选取了明朝万历十五年（1587年）作为考察切入点，运用历史小说的叙事模式和传记体式的章节，通过对关键历史人物悲惨命运的描述，探析了晚明帝国走向...', '1200', '黄仁宇', '53.40', '5647', '4', 'true', 'true', '1', '18', '10');
INSERT INTO `books` VALUES ('77', '人体简史(金装版)', '《人体简史》是2020年文汇出版社出版图书，作者是比尔·布莱森。2021年4月23日，该书获第十六届文津图书奖。', '5000', '布莱森', '45.30', '16746', '4', 'false', 'true', '1', '9', '11');
INSERT INTO `books` VALUES ('78', '侯大利刑侦笔记(金装版)', '今年最畅销的国产悬疑小说非《侯大利刑侦笔记》莫属，纸质书畅销20万册，电子书数十万读者追读，喜马拉雅有声书播放破千万，影视版权被多家公司疯抢 ！一部集侦查学、痕迹学、社会学、尸体解剖学、犯罪心理学之大成的教科书式破案小说。不同方式死亡的尸体各有什么特征？如何通过足迹判断年龄？每页都是知识点！有时真相让人毛骨悚然，有时真相让人热泪盈眶', '5000', '小桥老树', '33.50', '16567', '4', 'false', 'true', '1', '12', '12');
INSERT INTO `books` VALUES ('79', '镖人(金装版)', '轰动日本的中国漫画！3次登上日本央视NHK电视台新闻报道节目。日本媒体盛赞为“世界级水平的中国动漫精品” ！万茜、张绍刚、李诞、马伯庸都在推荐的热血国漫！讲究的台词，鲜明的人物，巧妙的分镜，江湖和庙堂双线并进，镖客、魁首、皇帝、大臣将如何被时代裹挟，走向各自的命运…', '5000', '许先哲', '213.00', '1654', '4', 'false', 'true', '1', '19', '13');
INSERT INTO `books` VALUES ('80', '倾城之恋(金装版)', '《倾城之恋》是一个动听而又近人情的故事。《倾城之恋》里，从腐旧的家庭里走出来的白流苏，香港之战的洗礼并不曾将她感化成为革命女性；香港之战影响范柳原，使他转向平实的生活，终于结婚了，但结婚并不使他变为圣人，完全放弃往日的生活习惯与作风。', '5000', '张爱玲', '56.40', '7497', '4', 'false', 'true', '1', '16', '14');
INSERT INTO `books` VALUES ('81', '第二性(金装版)', '《第二性》是法国思想家西蒙娜·波伏娃创作的社会学著作。作者以涵盖哲学、历史、文学、生物学、古代神话和风俗的文化内容为背景，纵论了从原始社会到现代社会的历史演变中，妇女的处境、地位和权利的实际情况，探讨了女性个体发展史所显示的性别差异。此书被...', '5000', '西蒙娜·波伏娃', '33.50', '16746', '4', 'false', 'true', '1', '32', '15');
INSERT INTO `books` VALUES ('82', '简·爱(金装版)', '简爱一般指简·爱。 《简·爱》（Jane Eyre）是英国女作家夏洛蒂·勃朗特创作的长篇小说，是一部具有自传色彩的作品。该小说讲述孤女简·爱自幼父母双亡，寄养于舅母家，备受虐待，后被舅母打发到洛伍德义塾去。洛伍德义塾环境恶劣，但她顽强地活了...', '5000', '夏洛蒂·勃朗特', '45.00', '16567', '4', 'false', 'true', '1', '33', '16');
INSERT INTO `books` VALUES ('83', '假如给我三天光明(金装版)', '《假如给我三天光明》是美国当代作家海伦·凯勒的散文代表作。该文的前半部分主要写了海伦变成盲聋人后的生活，后半部分则介绍了海伦的求学生涯。同时也介绍她体会不同的丰富多彩的生活以及她的慈善活动等等。她以一个身残志坚的柔弱女子的视角，告诫身体健全...', '5000', '海伦凯勒', '55.20', '1654', '4', 'false', 'true', '1', '10', '17');
INSERT INTO `books` VALUES ('84', '安妮日记(金装版)', '《安妮日记》是德籍犹太人安妮·弗兰克写的日记，是其藏身密室时的生活和情感的记载。作为一名成长中的少女，她在日记中吐露了与母亲不断发生冲突的困惑以及对性的好奇。同时，对于藏匿且充满恐怖的25个月的密室生活的记录，也使这本《安妮日记》成为德军占领...', '5000', '安妮·弗兰克', '63.40', '7497', '4', 'false', 'true', '1', '18', '18');
INSERT INTO `books` VALUES ('85', '我们仨(金装版)', '《我们仨》是当代作家杨绛创作的散文集，首次出版于2003年7月。该书讲述了一个单纯温馨的家庭几十年平淡无奇、相守相助、相聚相失的经历。作者杨绛以简洁而沉重的语言，回忆了先后离她而去的女儿钱瑗、丈夫钱锺书，以及一家三口那些快乐而艰难、爱与痛的日子。', '5000', '杨绛', '78.30', '5646', '4', 'false', 'true', '1', '28', '19');
INSERT INTO `books` VALUES ('86', '厨房(金装版)', '该书以厨房是一个女人的出发点和停泊地讲述了一个厨房的故事。一切的一切都已经寂灭，惟有心灵不可言说。厨房是一个女人的出发点和停泊地。作品目录 作者简介 徐坤，女，1965年3月出生于沈阳，现居北京。中国社会科学院文学研究所副...', '5000', '徐坤', '59.80', '65463', '4', 'false', 'true', '1', '34', '20');
INSERT INTO `books` VALUES ('87', '草叶集(金装版)', '《草叶集》是美国诗人沃尔特·惠特曼创作的诗集，首次出版于1855年。《草叶集》是浪漫主义诗集，共收有诗歌300余首。诗歌奔腾壮阔，大气飞扬，汪洋恣肆，豪放不羁；使用朴实粗犷的语言，创造出独具一格的自由体，近于口语，节奏鲜明。《草叶集》是美国诗人惠...', '5000', '惠特曼', '45.30', '5647', '4', 'false', 'true', '1', '11', '21');
INSERT INTO `books` VALUES ('88', '舒婷诗集(金装版)', '舒婷是朦胧诗艺术成就的杰出代表。本书共四辑，收录了她124首诗，包括《致橡树》、《神女峰》、《祖国，我亲爱的祖国》等脍炙人口的名篇。她的诗擅长综合运用通感、比喻、象征、联想等艺术手法来表达内心感受，既有女性诗歌所特有的细腻、浪漫、柔美，又兼具...', '5000', '舒婷', '35.80', '16746', '4', 'false', 'true', '1', '17', '22');
INSERT INTO `books` VALUES ('89', '平凡的世界(旧版)', '《平凡的世界》是中国作家路遥创作的一部全景式地表现中国当代城乡社会生活的百万字长篇小说。全书共三部。1986年12月首次出版。该书以中国70年代中期到80年代中期十年间为背景，通过复杂的矛盾纠葛，以孙少安和孙少平两兄弟为中心，刻画了当时社会各阶层众多...', '5000', '路遥', '12.50', '15664', '5', 'false', 'true', '1', '24', '1');
INSERT INTO `books` VALUES ('90', '穆斯林葬礼(旧版)', '穆斯林葬礼是一本浓缩了中国视角和穆斯林风俗的特点的书', '5000', '霍达', '132.50', '19875', '5', 'false', 'true', '1', '25', '2');
INSERT INTO `books` VALUES ('91', '挪威的森林(旧版)', '《挪威的森林》是日本作家村上春树于1987年所著的一部长篇爱情小说。故事讲述主角纠缠在情绪不稳定且患有精神疾病的直子和开朗活泼的小林绿子之间，展开了自我成长的旅程。自该书在日本问世，截止2012年在日本共销出1500余万册。', '18500', '村上春树', '36.50', '213', '5', 'false', 'true', '1', '27', '3');
INSERT INTO `books` VALUES ('92', '基督山伯爵(旧版)', '《基督山伯爵》是法国作家大仲马创作的长篇小说，首次发表于1844—1846年。故事讲述19世纪法国皇帝拿破仑“百日王朝”时期，法老号大副爱德蒙·唐泰斯受船长委托，为拿破仑党人送了一封信，遭到两个卑鄙小人和法官的陷害，被打入黑牢。期间狱友法利亚神甫向他...', '5000', '大仲马', '78.50', '16746', '5', 'false', 'false', '1', '11', '4');
INSERT INTO `books` VALUES ('93', '教父(旧版)', '《教父》是美国作家马里奥·普佐创作的长篇小说，1969年首次出版。该小说主要描写了1945年至1955年之间，意大利移民科利奥尼家族在困境中的挣扎和生存之道，科利奥尼家族是五大黑帮势力集团之一，为了能够生存不惜进行各种残忍的攻略，用枪、用斧头、用刑具，...', '250', '马里奥・普佐', '45.30', '16567', '5', 'false', 'false', '1', '35', '5');
INSERT INTO `books` VALUES ('94', '苏菲的世界(旧版)', '《苏菲的世界》是挪威作家乔斯坦·贾德创作的一本关于西方哲学史的长篇小说，它以小说的形式，通过一名哲学导师向一个叫苏菲的女孩传授哲学知识的经过，揭示了西方哲学史发展的历程。《苏菲的世界》被誉为20世纪百部经典著作之一。《苏菲的世界》1991年首次以...', '5000', '乔斯坦贾德', '35.40', '1654', '5', 'false', 'true', '1', '21', '6');
INSERT INTO `books` VALUES ('95', '麦田里的守望者(旧版)', '《麦田里的守望者》是美国作家杰罗姆·大卫·塞林格创作的唯一一部长篇小说，首次出版于1951年。塞林格将故事的起止局限于16岁的中学生霍尔顿·考尔菲德从离开学校到纽约游荡的三天时间内，并借鉴了意识流天马行空的写作方法，充分探索了一个十几岁少年的内心...', '5000', '杰罗姆·大卫·塞林格', '22.60', '7497', '5', 'false', 'true', '1', '23', '7');
INSERT INTO `books` VALUES ('96', '白鹿原(旧版)', '《白鹿原》是作家陈忠实创作的长篇小说，由陈忠实历时六年创作完成，首次出版于1993年。该小说以陕西关中地区白鹿原上白鹿村为缩影，通过讲述白姓和鹿姓两大家族祖孙三代的恩怨纷争，表现了从清朝末年到二十世纪七八十年代长达半个多世纪的历史变化。1998年，...', '5000', '陈忠实', '19.10', '5646', '5', 'false', 'true', '1', '30', '8');
INSERT INTO `books` VALUES ('97', '破碎的四月(旧版)', '《破碎的四月》是阿尔巴尼亚当代最著名的作家和诗人伊斯梅尔·卡达莱的代表作之一。最早出版于1978年。小说讲述了阿尔巴尼亚高原地区的残酷复仇故事，极力讽刺和批判了荒谬的卡努法典。2001年曾被巴西导演沃尔特·塞勒斯改编成电影《太阳背后》。', '5000', '阿尔巴尼亚', '89.40', '65463', '5', 'false', 'true', '1', '17', '9');
INSERT INTO `books` VALUES ('98', '万历十五年(旧版)', '《万历十五年》是黄仁宇创作的历史学著作，首次刊行于1981年。《万历十五年》从“大历史观”的研究视角出发，选取了明朝万历十五年（1587年）作为考察切入点，运用历史小说的叙事模式和传记体式的章节，通过对关键历史人物悲惨命运的描述，探析了晚明帝国走向...', '1200', '黄仁宇', '53.40', '5647', '5', 'false', 'true', '1', '18', '10');
INSERT INTO `books` VALUES ('99', '人体简史(旧版)', '《人体简史》是2020年文汇出版社出版图书，作者是比尔·布莱森。2021年4月23日，该书获第十六届文津图书奖。', '5000', '布莱森', '45.30', '16746', '5', 'false', 'true', '1', '9', '11');
INSERT INTO `books` VALUES ('100', '侯大利刑侦笔记(旧版)', '今年最畅销的国产悬疑小说非《侯大利刑侦笔记》莫属，纸质书畅销20万册，电子书数十万读者追读，喜马拉雅有声书播放破千万，影视版权被多家公司疯抢 ！一部集侦查学、痕迹学、社会学、尸体解剖学、犯罪心理学之大成的教科书式破案小说。不同方式死亡的尸体各有什么特征？如何通过足迹判断年龄？每页都是知识点！有时真相让人毛骨悚然，有时真相让人热泪盈眶', '5000', '小桥老树', '33.50', '16567', '5', 'false', 'true', '1', '12', '12');
INSERT INTO `books` VALUES ('101', '镖人(旧版)', '轰动日本的中国漫画！3次登上日本央视NHK电视台新闻报道节目。日本媒体盛赞为“世界级水平的中国动漫精品” ！万茜、张绍刚、李诞、马伯庸都在推荐的热血国漫！讲究的台词，鲜明的人物，巧妙的分镜，江湖和庙堂双线并进，镖客、魁首、皇帝、大臣将如何被时代裹挟，走向各自的命运…', '5000', '许先哲', '213.00', '1654', '5', 'false', 'true', '1', '19', '13');
INSERT INTO `books` VALUES ('102', '倾城之恋(旧版)', '《倾城之恋》是一个动听而又近人情的故事。《倾城之恋》里，从腐旧的家庭里走出来的白流苏，香港之战的洗礼并不曾将她感化成为革命女性；香港之战影响范柳原，使他转向平实的生活，终于结婚了，但结婚并不使他变为圣人，完全放弃往日的生活习惯与作风。', '5000', '张爱玲', '56.40', '7497', '5', 'false', 'true', '1', '16', '14');
INSERT INTO `books` VALUES ('103', '第二性(旧版)', '《第二性》是法国思想家西蒙娜·波伏娃创作的社会学著作。作者以涵盖哲学、历史、文学、生物学、古代神话和风俗的文化内容为背景，纵论了从原始社会到现代社会的历史演变中，妇女的处境、地位和权利的实际情况，探讨了女性个体发展史所显示的性别差异。此书被...', '5000', '西蒙娜·波伏娃', '33.50', '16746', '5', 'false', 'true', '1', '32', '15');
INSERT INTO `books` VALUES ('104', '简·爱(旧版)', '简爱一般指简·爱。 《简·爱》（Jane Eyre）是英国女作家夏洛蒂·勃朗特创作的长篇小说，是一部具有自传色彩的作品。该小说讲述孤女简·爱自幼父母双亡，寄养于舅母家，备受虐待，后被舅母打发到洛伍德义塾去。洛伍德义塾环境恶劣，但她顽强地活了...', '5000', '夏洛蒂·勃朗特', '45.00', '16567', '5', 'false', 'true', '1', '33', '16');
INSERT INTO `books` VALUES ('129', '假如给我三天光明(旧版)', '《假如给我三天光明》是美国当代作家海伦·凯勒的散文代表作。该文的前半部分主要写了海伦变成盲聋人后的生活，后半部分则介绍了海伦的求学生涯。同时也介绍她体会不同的丰富多彩的生活以及她的慈善活动等等。她以一个身残志坚的柔弱女子的视角，告诫身体健全...', '5000', '海伦凯勒', '55.20', '1654', '5', 'false', 'true', '1', '10', '17');
INSERT INTO `books` VALUES ('130', '安妮日记(旧版)', '《安妮日记》是德籍犹太人安妮·弗兰克写的日记，是其藏身密室时的生活和情感的记载。作为一名成长中的少女，她在日记中吐露了与母亲不断发生冲突的困惑以及对性的好奇。同时，对于藏匿且充满恐怖的25个月的密室生活的记录，也使这本《安妮日记》成为德军占领...', '5000', '安妮·弗兰克', '63.40', '7497', '5', 'false', 'true', '1', '18', '18');
INSERT INTO `books` VALUES ('131', '我们仨(旧版)', '《我们仨》是当代作家杨绛创作的散文集，首次出版于2003年7月。该书讲述了一个单纯温馨的家庭几十年平淡无奇、相守相助、相聚相失的经历。作者杨绛以简洁而沉重的语言，回忆了先后离她而去的女儿钱瑗、丈夫钱锺书，以及一家三口那些快乐而艰难、爱与痛的日子。', '5000', '杨绛', '78.30', '5646', '5', 'false', 'true', '1', '28', '19');
INSERT INTO `books` VALUES ('132', '厨房(旧版)', '该书以厨房是一个女人的出发点和停泊地讲述了一个厨房的故事。一切的一切都已经寂灭，惟有心灵不可言说。厨房是一个女人的出发点和停泊地。作品目录 作者简介 徐坤，女，1965年3月出生于沈阳，现居北京。中国社会科学院文学研究所副...', '5000', '徐坤', '59.80', '65463', '5', 'false', 'true', '1', '34', '20');
INSERT INTO `books` VALUES ('133', '草叶集(旧版)', '《草叶集》是美国诗人沃尔特·惠特曼创作的诗集，首次出版于1855年。《草叶集》是浪漫主义诗集，共收有诗歌300余首。诗歌奔腾壮阔，大气飞扬，汪洋恣肆，豪放不羁；使用朴实粗犷的语言，创造出独具一格的自由体，近于口语，节奏鲜明。《草叶集》是美国诗人惠...', '5000', '惠特曼', '45.30', '5647', '5', 'false', 'true', '1', '11', '21');
INSERT INTO `books` VALUES ('134', '舒婷诗集(旧版)', '舒婷是朦胧诗艺术成就的杰出代表。本书共四辑，收录了她124首诗，包括《致橡树》、《神女峰》、《祖国，我亲爱的祖国》等脍炙人口的名篇。她的诗擅长综合运用通感、比喻、象征、联想等艺术手法来表达内心感受，既有女性诗歌所特有的细腻、浪漫、柔美，又兼具...', '5000', '舒婷', '35.80', '16746', '5', 'false', 'true', '1', '17', '22');
INSERT INTO `books` VALUES ('135', '平凡的世界(盗版)', '《平凡的世界》是中国作家路遥创作的一部全景式地表现中国当代城乡社会生活的百万字长篇小说。全书共三部。1986年12月首次出版。该书以中国70年代中期到80年代中期十年间为背景，通过复杂的矛盾纠葛，以孙少安和孙少平两兄弟为中心，刻画了当时社会各阶层众多...', '5000', '路遥', '12.50', '15664', '6', 'false', 'true', '1', '24', '1');
INSERT INTO `books` VALUES ('136', '穆斯林葬礼(盗版)', '穆斯林葬礼是一本浓缩了中国视角和穆斯林风俗的特点的书', '5000', '霍达', '132.50', '19875', '6', 'false', 'true', '1', '25', '2');
INSERT INTO `books` VALUES ('137', '挪威的森林(盗版)', '《挪威的森林》是日本作家村上春树于1987年所著的一部长篇爱情小说。故事讲述主角纠缠在情绪不稳定且患有精神疾病的直子和开朗活泼的小林绿子之间，展开了自我成长的旅程。自该书在日本问世，截止2012年在日本共销出1500余万册。', '18500', '村上春树', '36.50', '213', '6', 'false', 'true', '1', '27', '3');
INSERT INTO `books` VALUES ('138', '基督山伯爵(盗版)', '《基督山伯爵》是法国作家大仲马创作的长篇小说，首次发表于1844—1846年。故事讲述19世纪法国皇帝拿破仑“百日王朝”时期，法老号大副爱德蒙·唐泰斯受船长委托，为拿破仑党人送了一封信，遭到两个卑鄙小人和法官的陷害，被打入黑牢。期间狱友法利亚神甫向他...', '5000', '大仲马', '78.50', '16746', '6', 'false', 'false', '1', '11', '4');
INSERT INTO `books` VALUES ('139', '教父(盗版)', '《教父》是美国作家马里奥·普佐创作的长篇小说，1969年首次出版。该小说主要描写了1945年至1955年之间，意大利移民科利奥尼家族在困境中的挣扎和生存之道，科利奥尼家族是五大黑帮势力集团之一，为了能够生存不惜进行各种残忍的攻略，用枪、用斧头、用刑具，...', '250', '马里奥・普佐', '45.30', '16567', '6', 'false', 'false', '1', '35', '5');
INSERT INTO `books` VALUES ('140', '苏菲的世界(盗版)', '《苏菲的世界》是挪威作家乔斯坦·贾德创作的一本关于西方哲学史的长篇小说，它以小说的形式，通过一名哲学导师向一个叫苏菲的女孩传授哲学知识的经过，揭示了西方哲学史发展的历程。《苏菲的世界》被誉为20世纪百部经典著作之一。《苏菲的世界》1991年首次以...', '5000', '乔斯坦贾德', '35.40', '1654', '6', 'false', 'true', '1', '21', '6');
INSERT INTO `books` VALUES ('141', '麦田里的守望者(盗版)', '《麦田里的守望者》是美国作家杰罗姆·大卫·塞林格创作的唯一一部长篇小说，首次出版于1951年。塞林格将故事的起止局限于16岁的中学生霍尔顿·考尔菲德从离开学校到纽约游荡的三天时间内，并借鉴了意识流天马行空的写作方法，充分探索了一个十几岁少年的内心...', '5000', '杰罗姆·大卫·塞林格', '22.60', '7497', '6', 'false', 'true', '1', '23', '7');
INSERT INTO `books` VALUES ('142', '白鹿原(盗版)', '《白鹿原》是作家陈忠实创作的长篇小说，由陈忠实历时六年创作完成，首次出版于1993年。该小说以陕西关中地区白鹿原上白鹿村为缩影，通过讲述白姓和鹿姓两大家族祖孙三代的恩怨纷争，表现了从清朝末年到二十世纪七八十年代长达半个多世纪的历史变化。1998年，...', '5000', '陈忠实', '19.10', '5646', '6', 'false', 'true', '1', '30', '8');
INSERT INTO `books` VALUES ('143', '破碎的四月(盗版)', '《破碎的四月》是阿尔巴尼亚当代最著名的作家和诗人伊斯梅尔·卡达莱的代表作之一。最早出版于1978年。小说讲述了阿尔巴尼亚高原地区的残酷复仇故事，极力讽刺和批判了荒谬的卡努法典。2001年曾被巴西导演沃尔特·塞勒斯改编成电影《太阳背后》。', '5000', '阿尔巴尼亚', '89.40', '65463', '6', 'false', 'true', '1', '17', '9');
INSERT INTO `books` VALUES ('144', '万历十五年(盗版)', '《万历十五年》是黄仁宇创作的历史学著作，首次刊行于1981年。《万历十五年》从“大历史观”的研究视角出发，选取了明朝万历十五年（1587年）作为考察切入点，运用历史小说的叙事模式和传记体式的章节，通过对关键历史人物悲惨命运的描述，探析了晚明帝国走向...', '1200', '黄仁宇', '53.40', '5647', '6', 'false', 'true', '1', '18', '10');
INSERT INTO `books` VALUES ('145', '人体简史(盗版)', '《人体简史》是2020年文汇出版社出版图书，作者是比尔·布莱森。2021年4月23日，该书获第十六届文津图书奖。', '5000', '布莱森', '45.30', '16746', '6', 'false', 'true', '1', '9', '11');
INSERT INTO `books` VALUES ('155', '你好吗', '东西还不错', '265', '1654', '1654.00', null, null, null, null, null, '14', '155');
INSERT INTO `books` VALUES ('156', '随便来一本书', '新书', '50', '洪泽龙', '1520.00', null, null, null, null, null, '26', '156');

-- ----------------------------
-- Table structure for buyers
-- ----------------------------
DROP TABLE IF EXISTS `buyers`;
CREATE TABLE `buyers` (
  `id` int(3) NOT NULL AUTO_INCREMENT,
  `name` varchar(255) DEFAULT NULL,
  `adress` varchar(255) DEFAULT NULL,
  `phone` int(11) DEFAULT NULL,
  `commit` varchar(255) DEFAULT NULL,
  `statu` varchar(255) DEFAULT NULL,
  `ordertime` datetime DEFAULT NULL,
  PRIMARY KEY (`id`)
) ENGINE=InnoDB AUTO_INCREMENT=41 DEFAULT CHARSET=utf8;

-- ----------------------------
-- Records of buyers
-- ----------------------------
INSERT INTO `buyers` VALUES ('1', '潘多拉', '四川省 眉山市 其它区', '1780888979', '东西很好，宝贝很喜欢，好评好评好评', '未处理', '2001-05-30 12:24:22');
INSERT INTO `buyers` VALUES ('3', '叶文洁', '辽宁省 盘锦市 其它区', '1657949649', '折扣力度再大一点！！！！我能把你们家买空', '未处理', '2013-06-16 07:17:09');
INSERT INTO `buyers` VALUES ('5', '洪桂英', '福建省 泉州市 丰泽区', '1567323213', '能不能包装用点心，都磕破了！', '已出库', '2021-09-11 06:15:15');
INSERT INTO `buyers` VALUES ('6', '康伟', '湖南省 益阳市 安化县', '1123437737', '宝贝很好，包装很好，喜欢', '已出库', '2013-06-16 07:17:09');
INSERT INTO `buyers` VALUES ('7', '乔静', '新疆维吾尔自治区 昌吉回族自治州 阜康市', '1375373231', '默认好评', '未处理', '2014-08-25 23:42:34');
INSERT INTO `buyers` VALUES ('8', '林秀兰', '湖南省 益阳市 安化县', '1786231200', '默认好评', '运送中', '2013-06-16 07:17:09');
INSERT INTO `buyers` VALUES ('9', '胡秀英', '新疆维吾尔自治区 昌吉回族自治州 阜康市', '1027536767', '最喜欢的就是余秋雨的诗词了', '已出库', '2009-01-29 18:31:14');
INSERT INTO `buyers` VALUES ('10', '钱秀英', '湖北省 恩施土家族苗族自治州 恩施市', '1657305257', '这家店算是比较好的店了，经常来买，好评', '运送中', '2018-09-26 04:21:22');
INSERT INTO `buyers` VALUES ('11', '邵秀英', '贵州省 贵阳市 开阳县', '1378730832', '书都破损了，物流是真的不行', '已出库', '2009-01-29 18:31:14');
INSERT INTO `buyers` VALUES ('12', '侯刚', '甘肃省 张掖市 临泽县', '1237373023', '印刷有问题，好像是盗版书，真的是服了', '已到货', '2013-04-05 03:51:23');
INSERT INTO `buyers` VALUES ('13', '田军', '湖北省 孝感市 大悟县', '1383434253', '差评', '未处理', '2018-09-26 04:21:22');
INSERT INTO `buyers` VALUES ('14', '陆秀兰\r\n', '甘肃省 金昌市 金川区', '1372378373', '书有破损，非常不满意！', '运送中', '2013-04-05 03:51:23');
INSERT INTO `buyers` VALUES ('15', '姜桂英', '河北省 唐山市 开平区', '1537352385', '宝贝很好，包装很好，喜欢', '已出库', '2009-01-29 18:31:14');
INSERT INTO `buyers` VALUES ('16', '谭桂英', '贵州省 贵阳市 开阳县', '1323732373', '书有破损，非常不满意！', '已到货', '2008-08-26 19:08:29');
INSERT INTO `buyers` VALUES ('19', '石秀兰', '新疆维吾尔自治区 喀什地区 塔什库尔干塔吉克自治县', '1353776786', '能不能包装用点心，都磕破了！', '未处理', '2009-01-29 18:31:14');
INSERT INTO `buyers` VALUES ('20', '吴艳', '贵州省 贵阳市 开阳县', '1535773675', '宝贝很好，包装很好，喜欢', '运送中', '2014-08-25 23:42:34');
INSERT INTO `buyers` VALUES ('21', '钱磊', '贵州省 安顺市 关岭布依族苗族自治县', '1327786876', '非常喜欢这个作者的书，他的每一本书都有买！', '已到货', '2008-08-26 19:08:29');
INSERT INTO `buyers` VALUES ('22', '郭平', '河北省 廊坊市 广阳区', '1373675637', '默认好评', '已到货', '2008-08-26 19:08:29');
INSERT INTO `buyers` VALUES ('23', '杨强', '上海 上海市 松江区', '1237373737', '默认好评', '运送中', '2014-08-25 23:42:34');
INSERT INTO `buyers` VALUES ('25', '段娜', '贵州省 遵义市 正安县', '1347563873', '宝贝很好，包装很好，喜欢', '未处理', '2013-04-05 03:51:23');
INSERT INTO `buyers` VALUES ('31', '黄文集', '甘肃省 张掖市 临泽县', '1347563676', '东西一般般', '已出库', '2009-01-29 18:31:14');
INSERT INTO `buyers` VALUES ('36', '洪泽龙', '拉萨解放垃圾费垃圾费了', '16979463', '东西还不错，会在继续够买的', '未处理', '2021-11-10 18:52:25');
INSERT INTO `buyers` VALUES ('37', '很喜欢', '', '1987964653', '', '未处理', '2021-11-02 18:52:30');
INSERT INTO `buyers` VALUES ('38', 'hongzljgljala', '你好', '1785036516', '撒旦金卡花里胡哨的', '已到货', '2021-11-17 18:52:22');
INSERT INTO `buyers` VALUES ('39', 'das,mlndj', 'skljdlasjd', '21646767', 'nihaoa ', '运送中', null);
INSERT INTO `buyers` VALUES ('40', 'dsadas', 'sdada', '1987979879', '12/8', '未处理', null);

-- ----------------------------
-- Table structure for category
-- ----------------------------
DROP TABLE IF EXISTS `category`;
CREATE TABLE `category` (
  `id` int(11) NOT NULL AUTO_INCREMENT,
  `name` varchar(255) DEFAULT NULL,
  `img` varchar(255) DEFAULT NULL,
  `banner` varchar(255) DEFAULT NULL,
  `parentId` int(11) DEFAULT NULL,
  PRIMARY KEY (`id`)
) ENGINE=InnoDB AUTO_INCREMENT=36 DEFAULT CHARSET=utf8;

-- ----------------------------
-- Records of category
-- ----------------------------
INSERT INTO `category` VALUES ('1', '健康', '/static/img/category/health.png', 'http://localhost:3000/upload/promotionImg/健康.png', '0');
INSERT INTO `category` VALUES ('2', '军事', '/static/img/category/military.png', 'http://localhost:3000/upload/promotionImg/军事.png', '0');
INSERT INTO `category` VALUES ('3', '哲学', '/static/img/category/mind.png', 'http://localhost:3000/upload/promotionImg/哲学.png', '0');
INSERT INTO `category` VALUES ('4', '宗教', '/static/img/category/religion.png', 'http://localhost:3000/upload/promotionImg/宗教.png', '0');
INSERT INTO `category` VALUES ('5', '政治', '/static/img/category/political.png', 'http://localhost:3000/upload/promotionImg/政治.png', '0');
INSERT INTO `category` VALUES ('6', '文化', '/static/img/category/culture.png', 'http://localhost:3000/upload/promotionImg/文化.png', '0');
INSERT INTO `category` VALUES ('7', '生活', '/static/img/category/life.png', 'http://localhost:3000/upload/promotionImg/生活.png', '0');
INSERT INTO `category` VALUES ('8', '社会', '/static/img/category/social.png', 'http://localhost:3000/upload/promotionImg/社会.png', '0');
INSERT INTO `category` VALUES ('9', '基础医学类', '/static/img/goods/1.1.png', null, '1');
INSERT INTO `category` VALUES ('10', '公共卫生与预防医学类', '/static/img/goods/1.1.png', null, '1');
INSERT INTO `category` VALUES ('11', '中西医结合类', '/static/img/goods/3.3.png', null, '1');
INSERT INTO `category` VALUES ('12', '军事战略类', '/static/img/goods/4.1.png', null, '2');
INSERT INTO `category` VALUES ('13', '武器装备类', '/static/img/goods/6.2.png', null, '2');
INSERT INTO `category` VALUES ('14', '航空航天类', '/static/img/goods/7.2.png', null, '2');
INSERT INTO `category` VALUES ('15', '唯物主义类', '/static/img/goods/10.4.png', null, '3');
INSERT INTO `category` VALUES ('16', '唯心主义类', '/static/img/goods/1.1.png', null, '3');
INSERT INTO `category` VALUES ('17', '马克思辩证主义类', '/static/img/goods/3.3.png', null, '3');
INSERT INTO `category` VALUES ('18', '佛学', '/static/img/goods/4.1.png', null, '4');
INSERT INTO `category` VALUES ('19', '道家', '/static/img/goods/6.2.png', null, '4');
INSERT INTO `category` VALUES ('20', '西方教派', '/static/img/goods/7.2.png', null, '4');
INSERT INTO `category` VALUES ('21', '资本主义', '/static/img/goods/10.4.png', null, '5');
INSERT INTO `category` VALUES ('22', '社会主义', '/static/img/goods/1.1.png', null, '5');
INSERT INTO `category` VALUES ('23', '时事政治', '/static/img/goods/3.3.png', null, '5');
INSERT INTO `category` VALUES ('24', '东方文学', '/static/img/goods/4.1.png', null, '6');
INSERT INTO `category` VALUES ('25', '西方文学', '/static/img/goods/6.2.png', null, '6');
INSERT INTO `category` VALUES ('26', '奇幻文学', '/static/img/goods/7.2.png', null, '6');
INSERT INTO `category` VALUES ('27', '小说', '/static/img/goods/10.4.png', null, '6');
INSERT INTO `category` VALUES ('28', '宠物园艺 ', '/static/img/goods/1.1.png', null, '7');
INSERT INTO `category` VALUES ('29', '美容', '/static/img/goods/3.3.png', null, '7');
INSERT INTO `category` VALUES ('30', '生活百科', '/static/img/goods/4.1.png', null, '7');
INSERT INTO `category` VALUES ('31', '服饰装扮', '/static/img/goods/6.2.png', null, '7');
INSERT INTO `category` VALUES ('32', '学习资料', '/static/img/goods/7.2.png', null, '8');
INSERT INTO `category` VALUES ('33', '字典百科', '/static/img/goods/10.4.png', null, '8');
INSERT INTO `category` VALUES ('34', '社会培训', '/static/img/goods/1.1.png', null, '8');
INSERT INTO `category` VALUES ('35', '理论著作', '/static/img/goods/3.3.png', null, '8');

-- ----------------------------
-- Table structure for comments
-- ----------------------------
DROP TABLE IF EXISTS `comments`;
CREATE TABLE `comments` (
  `id` int(11) NOT NULL AUTO_INCREMENT,
  `bookId` int(11) DEFAULT NULL,
  `userId` int(11) DEFAULT NULL,
  `c_comment` varchar(255) DEFAULT NULL,
  PRIMARY KEY (`id`),
  KEY `book_comment` (`bookId`),
  KEY `customer_comment` (`userId`),
  CONSTRAINT `book_comment` FOREIGN KEY (`bookId`) REFERENCES `books` (`id`) ON DELETE NO ACTION,
  CONSTRAINT `customer_comment` FOREIGN KEY (`userId`) REFERENCES `customer` (`id`) ON DELETE NO ACTION
) ENGINE=InnoDB AUTO_INCREMENT=20 DEFAULT CHARSET=utf8;

-- ----------------------------
-- Records of comments
-- ----------------------------
INSERT INTO `comments` VALUES ('1', '3', '1', '\"书本还不错,挺喜欢的\"');
INSERT INTO `comments` VALUES ('2', '1', '5', '\"喜欢这本书很久了\"');
INSERT INTO `comments` VALUES ('3', '2', '7', '\"太爱了!!!!\"');
INSERT INTO `comments` VALUES ('4', '9', '6', '\"希望能够买到这本书!!!\"');
INSERT INTO `comments` VALUES ('5', '4', '2', '\"好书,希望能够人手一本\"');
INSERT INTO `comments` VALUES ('6', '5', '3', '\"快来买吧\"');
INSERT INTO `comments` VALUES ('7', '6', '4', '\"简直是名著啊!\"');
INSERT INTO `comments` VALUES ('8', '7', '8', '\"不买不是中国人\"');
INSERT INTO `comments` VALUES ('9', '8', '9', '\"冲啊,买起来!!!!\"');
INSERT INTO `comments` VALUES ('10', '10', '10', '有活动还不买?');
INSERT INTO `comments` VALUES ('11', '11', '11', '\"我太喜欢这本书了!\"');
INSERT INTO `comments` VALUES ('12', '11', '10', '\"好书我喜欢\"');
INSERT INTO `comments` VALUES ('13', '13', '13', '“很爱了”');
INSERT INTO `comments` VALUES ('14', '14', '14', '大家赶紧买，可以薅羊毛');
INSERT INTO `comments` VALUES ('15', '15', '15', '这本书也太便宜了吧');
INSERT INTO `comments` VALUES ('16', '16', '16', '书本印刷质量不错');
INSERT INTO `comments` VALUES ('17', '17', '17', '如果有钱我一定买10本');
INSERT INTO `comments` VALUES ('18', '18', '18', '不买不是中国人呀');
INSERT INTO `comments` VALUES ('19', '19', '18', '还能不能再优秀一点');

-- ----------------------------
-- Table structure for customer
-- ----------------------------
DROP TABLE IF EXISTS `customer`;
CREATE TABLE `customer` (
  `id` int(11) NOT NULL AUTO_INCREMENT,
  `name` varchar(255) DEFAULT NULL,
  `avatar` varchar(255) DEFAULT NULL,
  `address` varchar(255) DEFAULT NULL,
  `phone` varchar(255) DEFAULT NULL,
  PRIMARY KEY (`id`)
) ENGINE=InnoDB AUTO_INCREMENT=19 DEFAULT CHARSET=utf8;

-- ----------------------------
-- Records of customer
-- ----------------------------
INSERT INTO `customer` VALUES ('1', '普通用户', 'http://localhost:3000/upload/customerAvatar/1.png', '四川省 眉山市 其它区', '1780888979');
INSERT INTO `customer` VALUES ('2', '天才小熊猫', 'http://localhost:3000/upload/customerAvatar/2.png', '辽宁省 盘锦市 其它区', '1657949649');
INSERT INTO `customer` VALUES ('3', '忘了爱', 'http://localhost:3000/upload/customerAvatar/1.png', '福建省 泉州市 丰泽区', '1567323213');
INSERT INTO `customer` VALUES ('4', '宁静致远', 'http://localhost:3000/upload/customerAvatar/1.png', '湖南省 益阳市 安化县', '1123437737');
INSERT INTO `customer` VALUES ('5', '天道酬勤', 'http://localhost:3000/upload/customerAvatar/3.png', '新疆维吾尔自治区 昌吉回族自治州 阜康市', '1375373231');
INSERT INTO `customer` VALUES ('6', '上善若水', 'http://localhost:3000/upload/customerAvatar/4.png', '湖南省 益阳市 安化县', '1786231200');
INSERT INTO `customer` VALUES ('7', '王者无敌', 'http://localhost:3000/upload/customerAvatar/4.png', '新疆维吾尔自治区 昌吉回族自治州 阜康市', '1027536767');
INSERT INTO `customer` VALUES ('8', '老干部一号', 'http://localhost:3000/upload/customerAvatar/4.png', '湖北省 恩施土家族苗族自治州 恩施市', '1657305257');
INSERT INTO `customer` VALUES ('9', '天下第一', 'http://localhost:3000/upload/customerAvatar/5.png', '贵州省 贵阳市 开阳县', '1378730832');
INSERT INTO `customer` VALUES ('10', '厚德载物', 'http://localhost:3000/upload/customerAvatar/2.png', '甘肃省 张掖市 临泽县', '1237373023');
INSERT INTO `customer` VALUES ('11', '美好事物', 'http://localhost:3000/upload/customerAvatar/5.png', '湖北省 孝感市 大悟县', '1383434253');
INSERT INTO `customer` VALUES ('12', '好物分享', 'http://localhost:3000/upload/customerAvatar/6.png', '甘肃省 金昌市 金川区', '1372378373');
INSERT INTO `customer` VALUES ('13', '天天向上哦', 'http://localhost:3000/upload/customerAvatar/7.png', '河北省 唐山市 开平区', '1537352385');
INSERT INTO `customer` VALUES ('14', '加油努力', 'http://localhost:3000/upload/customerAvatar/8.png', '贵州省 贵阳市 开阳县', '1323732373');
INSERT INTO `customer` VALUES ('15', '平安如意', 'http://localhost:3000/upload/customerAvatar/9.png', '新疆维吾尔自治区 喀什地区 塔什库尔干塔吉克自治县', '1353776786');
INSERT INTO `customer` VALUES ('16', '一帆风顺', 'http://localhost:3000/upload/customerAvatar/10.png', '贵州省 贵阳市 开阳县', '1535773675');
INSERT INTO `customer` VALUES ('17', '望庐山瀑布', 'http://localhost:3000/upload/customerAvatar/11.png', '贵州省 安顺市 关岭布依族苗族自治县', '1327786876');
INSERT INTO `customer` VALUES ('18', '我爱李太白', 'http://localhost:3000/upload/customerAvatar/12.png', '河北省 廊坊市 广阳区', '1373675637');

-- ----------------------------
-- Table structure for picture
-- ----------------------------
DROP TABLE IF EXISTS `picture`;
CREATE TABLE `picture` (
  `id` int(11) NOT NULL AUTO_INCREMENT,
  `book_id` int(11) DEFAULT NULL,
  `url` varchar(255) DEFAULT NULL,
  PRIMARY KEY (`id`),
  KEY `book_id` (`book_id`)
) ENGINE=InnoDB AUTO_INCREMENT=158 DEFAULT CHARSET=utf8;

-- ----------------------------
-- Records of picture
-- ----------------------------
INSERT INTO `picture` VALUES ('2', '1', 'http://localhost:3000/upload/productImg/1.2.png');
INSERT INTO `picture` VALUES ('6', '2', 'http://localhost:3000/upload/productImg/2.2.png');
INSERT INTO `picture` VALUES ('8', '3', 'http://localhost:3000/upload/productImg/3.1.png');
INSERT INTO `picture` VALUES ('9', '3', 'http://localhost:3000/upload/productImg/3.3.png');
INSERT INTO `picture` VALUES ('10', '4', 'http://localhost:3000/upload/productImg/4.1.png');
INSERT INTO `picture` VALUES ('11', '4', 'http://localhost:3000/upload/productImg/4.2.png');
INSERT INTO `picture` VALUES ('13', '5', 'http://localhost:3000/upload/productImg/5.2.png');
INSERT INTO `picture` VALUES ('15', '6', 'http://localhost:3000/upload/productImg/6.1.png');
INSERT INTO `picture` VALUES ('17', '6', 'http://localhost:3000/upload/productImg/6.3.png');
INSERT INTO `picture` VALUES ('18', '7', 'http://localhost:3000/upload/productImg/7.1.png');
INSERT INTO `picture` VALUES ('19', '7', 'http://localhost:3000/upload/productImg/7.2.png');
INSERT INTO `picture` VALUES ('20', '7', 'http://localhost:3000/upload/productImg/7.3.png');
INSERT INTO `picture` VALUES ('21', '8', 'http://localhost:3000/upload/productImg/8.1.png');
INSERT INTO `picture` VALUES ('22', '8', 'http://localhost:3000/upload/productImg/8.2.png');
INSERT INTO `picture` VALUES ('23', '8', 'http://localhost:3000/upload/productImg/8.3.png');
INSERT INTO `picture` VALUES ('24', '9', 'http://localhost:3000/upload/productImg/9.1.png');
INSERT INTO `picture` VALUES ('25', '10', 'http://localhost:3000/upload/productImg/10.1.png');
INSERT INTO `picture` VALUES ('26', '10', 'http://localhost:3000/upload/productImg/10.2.png');
INSERT INTO `picture` VALUES ('27', '10', 'http://localhost:3000/upload/productImg/10.3.png');
INSERT INTO `picture` VALUES ('28', '10', 'http://localhost:3000/upload/productImg/10.4.png');
INSERT INTO `picture` VALUES ('29', '1', 'http://localhost:3000/upload/productImg/1646226174571-澳洲国立大学.jpg');
INSERT INTO `picture` VALUES ('43', '9', 'http://localhost:3000/upload/productImg/1646228159730-QQ截图20210912192611.png');
INSERT INTO `picture` VALUES ('49', '5', 'http://localhost:3000/upload/productImg/1646228424023-5.1.png');
INSERT INTO `picture` VALUES ('50', '5', 'http://localhost:3000/upload/productImg/1646228431892-5.3.png');
INSERT INTO `picture` VALUES ('63', '1', 'http://localhost:3000/upload/productImg/1646278349100-2.png');
INSERT INTO `picture` VALUES ('78', '5', 'http://localhost:3000/upload/productImg/1646280181453-src=http___5b0988e595225.cdn.sohucs.com_images_20180520_0473e00bdfd2476fbe0c228a45a1652c.jpeg&refer=http___5b0988e595225.cdn.sohucs.jpg');
INSERT INTO `picture` VALUES ('79', '1', 'http://localhost:3000/upload/productImg/1646463089904-psl.jpg');
INSERT INTO `picture` VALUES ('80', '1', 'http://localhost:3000/upload/productImg/1646463126324-UCL4.jpg');
INSERT INTO `picture` VALUES ('91', '11', 'http://localhost:3000/upload/productImg/11.1.png');
INSERT INTO `picture` VALUES ('92', '11', 'http://localhost:3000/upload/productImg/11.2.png');
INSERT INTO `picture` VALUES ('93', '11', 'http://localhost:3000/upload/productImg/11.3.png');
INSERT INTO `picture` VALUES ('94', '12', 'http://localhost:3000/upload/productImg/12.1.png');
INSERT INTO `picture` VALUES ('95', '12', 'http://localhost:3000/upload/productImg/12.2.png');
INSERT INTO `picture` VALUES ('96', '12', 'http://localhost:3000/upload/productImg/12.3.png');
INSERT INTO `picture` VALUES ('97', '13', 'http://localhost:3000/upload/productImg/13.1.png');
INSERT INTO `picture` VALUES ('98', '13', 'http://localhost:3000/upload/productImg/13.2.png');
INSERT INTO `picture` VALUES ('99', '13', 'http://localhost:3000/upload/productImg/13.3.png');
INSERT INTO `picture` VALUES ('100', '14', 'http://localhost:3000/upload/productImg/14.1.png');
INSERT INTO `picture` VALUES ('101', '14', 'http://localhost:3000/upload/productImg/14.2.png');
INSERT INTO `picture` VALUES ('102', '14', 'http://localhost:3000/upload/productImg/14.3.png');
INSERT INTO `picture` VALUES ('103', '14', 'http://localhost:3000/upload/productImg/14.4.png');
INSERT INTO `picture` VALUES ('104', '15', 'http://localhost:3000/upload/productImg/15.1.png');
INSERT INTO `picture` VALUES ('105', '15', 'http://localhost:3000/upload/productImg/15.2.png');
INSERT INTO `picture` VALUES ('106', '15', 'http://localhost:3000/upload/productImg/15.3.png');
INSERT INTO `picture` VALUES ('107', '15', 'http://localhost:3000/upload/productImg/15.4.png');
INSERT INTO `picture` VALUES ('108', '16', 'http://localhost:3000/upload/productImg/16.1.png');
INSERT INTO `picture` VALUES ('109', '16', 'http://localhost:3000/upload/productImg/16.2.png');
INSERT INTO `picture` VALUES ('110', '17', 'http://localhost:3000/upload/productImg/17.1.png');
INSERT INTO `picture` VALUES ('111', '17', 'http://localhost:3000/upload/productImg/17.2.png');
INSERT INTO `picture` VALUES ('112', '18', 'http://localhost:3000/upload/productImg/18.1.png');
INSERT INTO `picture` VALUES ('113', '18', 'http://localhost:3000/upload/productImg/18.2.png');
INSERT INTO `picture` VALUES ('114', '19', 'http://localhost:3000/upload/productImg/19.1.png');
INSERT INTO `picture` VALUES ('115', '19', 'http://localhost:3000/upload/productImg/19.2.png');
INSERT INTO `picture` VALUES ('116', '19', 'http://localhost:3000/upload/productImg/19.3.png');
INSERT INTO `picture` VALUES ('117', '20', 'http://localhost:3000/upload/productImg/20.1.png');
INSERT INTO `picture` VALUES ('118', '21', 'http://localhost:3000/upload/productImg/21.1.png');
INSERT INTO `picture` VALUES ('119', '21', 'http://localhost:3000/upload/productImg/21.2.png');
INSERT INTO `picture` VALUES ('120', '21', 'http://localhost:3000/upload/productImg/21.3.png');
INSERT INTO `picture` VALUES ('121', '21', 'http://localhost:3000/upload/productImg/21.4.png');
INSERT INTO `picture` VALUES ('122', '21', 'http://localhost:3000/upload/productImg/21.5.png');
INSERT INTO `picture` VALUES ('123', '22', 'http://localhost:3000/upload/productImg/22.1.png');
INSERT INTO `picture` VALUES ('129', '10', 'http://localhost:3000/upload/productImg/1648818300679-University of Alberta.png');
INSERT INTO `picture` VALUES ('130', '10', 'http://localhost:3000/upload/productImg/1648818360489-阿尔托大学2.jpeg');
INSERT INTO `picture` VALUES ('131', '10', 'http://localhost:3000/upload/productImg/1648818394891-src=http___hbimg.b0.upaiyun.com_4c9001747626aaa314c72b71139df59b84bd56a8304c6-s1sOqv_fw658&refer=http___hbimg.b0.upaiyun.jfif');
INSERT INTO `picture` VALUES ('132', '10', 'http://localhost:3000/upload/productImg/1648818440082-sdadas.png');
INSERT INTO `picture` VALUES ('133', '8', 'http://localhost:3000/upload/productImg/1648818520509-贝尔法斯特女王大学.jpg');
INSERT INTO `picture` VALUES ('134', '8', 'http://localhost:3000/upload/productImg/1648818523996-北卡罗来纳大学教堂山分校.jpg');
INSERT INTO `picture` VALUES ('154', '155', 'http://localhost:3000/upload/productImg/1648886352518-柏林工业大学.jpeg');
INSERT INTO `picture` VALUES ('155', '155', 'http://localhost:3000/upload/productImg/1648886355593-北卡罗来纳大学教堂山分校.jpg');
INSERT INTO `picture` VALUES ('156', '155', 'http://localhost:3000/upload/productImg/1648886358439-成均馆大学2.jpg');
INSERT INTO `picture` VALUES ('157', '156', 'http://localhost:3000/upload/productImg/1651929137857-Het meisje met de parel.jpg');

-- ----------------------------
-- Table structure for promotion
-- ----------------------------
DROP TABLE IF EXISTS `promotion`;
CREATE TABLE `promotion` (
  `title` varchar(255) DEFAULT NULL,
  `ad` varchar(255) DEFAULT NULL,
  `img` varchar(255) DEFAULT NULL,
  `startTime` datetime DEFAULT NULL,
  `endTime` datetime DEFAULT NULL,
  `threshold` varchar(255) DEFAULT NULL,
  `usableRange` varchar(255) DEFAULT NULL,
  `id` int(11) NOT NULL AUTO_INCREMENT,
  `status` varchar(255) DEFAULT NULL,
  PRIMARY KEY (`id`)
) ENGINE=InnoDB AUTO_INCREMENT=6 DEFAULT CHARSET=utf8;

-- ----------------------------
-- Records of promotion
-- ----------------------------
INSERT INTO `promotion` VALUES ('整点秒杀', '整天秒杀专区', 'http://localhost:3000/upload/promotionImg/s1.png', '2022-03-01 22:26:33', '2022-03-02 22:26:37', '最低只要1元', '全场', '1', '上线');
INSERT INTO `promotion` VALUES ('限时抢购', '每天23点上线', 'http://localhost:3000/upload/promotionImg/s2.png', '2022-03-14 22:26:33', '2022-03-25 22:26:37', '时间有限', '仅限作者路遥', '2', '上线');
INSERT INTO `promotion` VALUES ('大特惠', '今日优惠卷', 'http://localhost:3000/upload/promotionImg/s3.png', '2022-03-01 22:38:28', '2022-03-01 22:38:34', '满20减1', '全场', '3', '下线');
INSERT INTO `promotion` VALUES ('红包折扣卷', '优惠卷100-3', 'http://localhost:3000/upload/promotionImg/s4.png', '2022-03-08 22:40:17', '2022-03-08 22:40:21', '无门槛', '仅限医疗用品', '4', '下线');
INSERT INTO `promotion` VALUES ('红包折扣卷', '优惠卷100-3', 'http://localhost:3000/upload/promotionImg/s5.png', '2022-03-08 22:40:17', '2022-03-08 22:40:21', '无门槛', '仅限医疗用品', '5', '过期');

-- ----------------------------
-- Table structure for user
-- ----------------------------
DROP TABLE IF EXISTS `user`;
CREATE TABLE `user` (
  `id` int(3) NOT NULL AUTO_INCREMENT,
  `name` varchar(255) DEFAULT NULL,
  `roles` varchar(255) DEFAULT NULL,
  `password` varchar(255) DEFAULT NULL,
  `Token` varchar(255) DEFAULT NULL,
  `avatar` varchar(255) NOT NULL,
  PRIMARY KEY (`id`,`avatar`)
) ENGINE=InnoDB AUTO_INCREMENT=7 DEFAULT CHARSET=utf8;

-- ----------------------------
-- Records of user
-- ----------------------------
INSERT INTO `user` VALUES ('1', 'admin', 'admin,developer', '123456', '216547987941364', '../static/avatar-hong.png');
INSERT INTO `user` VALUES ('2', 'admin2', 'admin,developer', '123456', '189979132413796', '../static/avatar.png');
INSERT INTO `user` VALUES ('3', '洪泽龙', 'admin,editor', '123456', '7897946355479', '../static/avatar-hong.png');
INSERT INTO `user` VALUES ('4', 'editor ', 'editor,developer', '123456', '1897*9797987', '../static/avatar-2.jpg');
INSERT INTO `user` VALUES ('5', 'editor2', 'editor', '123456', '126548746', '../static/avatar-3.png');
INSERT INTO `user` VALUES ('6', 'developer', 'developer', '123456', '115678746', '../static/avatar-4.png');
